"ID","SalePrice"
1461,110199.457533071
1462,177152.527365393
1463,177892.381079076
1464,201136.374108921
1465,218050.960959094
1466,167489.293630434
1467,187300.864863223
1468,156288.532361947
1469,206728.944314915
1470,117402.398834351
1471,213429.188881399
1472,112800.360645888
1473,106061.543002517
1474,176298.092611987
1475,123337.75798438
1476,335853.395655445
1477,225291.563981996
1478,283981.884930917
1479,284531.855170673
1480,425437.720575568
1481,296650.27713867
1482,207329.033770765
1483,178506.24168943
1484,178967.780254979
1485,178932.572758288
1486,202160.168336026
1487,301316.656478834
1488,231406.520598361
1489,180751.597025177
1490,240882.038250399
1491,197766.198275453
1492,79159.9630931023
1493,184941.528594719
1494,266689.095448723
1495,279681.470374809
1496,247514.86118054
1497,196213.092073964
1498,169192.751583646
1499,170948.661731988
1500,162769.92746651
1501,181241.556232301
1502,162410.949229338
1503,260990.726314979
1504,233691.349693909
1505,222501.147405328
1506,208450.559810477
1507,254471.21797909
1508,194979.097038776
1509,169321.434618285
1510,146427.900419734
1511,149358.60976564
1512,192311.608815608
1513,156783.29417096
1514,185750.735888882
1515,209441.66648316
1516,149132.273819654
1517,190425.058271488
1518,152043.171268935
1519,227726.765990392
1520,131776.692584943
1521,137330.495810801
1522,179033.536344953
1523,107823.164071569
1524,123468.998428949
1525,119357.249248458
1526,112315.782537835
1527,90292.5601105648
1528,145766.817001083
1529,143867.819186966
1530,202130.705250148
1531,99302.111706496
1532,93238.3119611161
1533,166369.360258416
1534,130681.07233778
1535,157943.425919436
1536,103504.519236637
1537,47644.6479668535
1538,184126.566737679
1539,230989.554636839
1540,133768.00104999
1541,147754.888919442
1542,144200.874697067
1543,197088.455214292
1544,78579.5636195239
1545,124902.635549305
1546,127500.008607292
1547,116650.449427986
1548,149715.390236987
1549,119155.866493724
1550,136921.970640284
1551,132162.490670405
1552,138883.204108218
1553,161846.965967262
1554,129222.701631957
1555,154263.224103414
1556,62176.4277305811
1557,142237.113919702
1558,116216.143500557
1559,83307.583787628
1560,146901.702550639
1561,175409.587908806
1562,121419.457250394
1563,115294.311810075
1564,171480.555783995
1565,145021.488186729
1566,240896.068565456
1567,71969.7901196459
1568,214863.978738255
1569,114720.604091541
1570,133178.27904752
1571,101570.7482575
1572,151342.692728061
1573,243796.138989113
1574,121807.428189917
1575,240438.683174473
1576,248412.051085887
1577,184415.401668026
1578,155055.875581242
1579,138645.612381798
1580,187047.242801526
1581,152528.365092033
1582,121371.753840418
1583,290967.854869668
1584,227803.620284215
1585,157033.372237313
1586,32992.1375679831
1587,110229.428370807
1588,166853.626580328
1589,105699.034681122
1590,139762.391396906
1591,81981.7042222856
1592,112965.141753819
1593,119500.358084011
1594,162647.419577959
1595,91479.9462186777
1596,215399.75372519
1597,186358.298497943
1598,187801.466803529
1599,209000.62222744
1600,188434.021201529
1601,36600.0651987511
1602,108544.286770163
1603,83759.4806412072
1604,277903.893816432
1605,244003.346336357
1606,190131.347647738
1607,208872.362235782
1608,204978.665964789
1609,180442.568917906
1610,140260.577182981
1611,132435.030898595
1612,185135.243548912
1613,158880.188861611
1614,147767.203020296
1615,104054.411512055
1616,75158.1181299863
1617,103190.824003764
1618,118128.87709664
1619,141835.74020409
1620,189734.187135429
1621,135549.053489308
1622,145424.379046508
1623,273503.471608222
1624,217488.648433253
1625,131938.535796761
1626,179418.940784691
1627,187431.643369809
1628,286124.402808903
1629,173675.948968336
1630,359122.625673546
1631,219889.97968321
1632,256002.413504954
1633,172075.827282054
1634,188345.049360144
1635,174376.614291052
1636,154486.495012146
1637,191340.195204188
1638,199672.217826838
1639,195064.107823111
1640,265586.004487153
1641,187167.37386372
1642,239436.3976996
1643,211996.236685951
1644,227833.913071008
1645,208642.818201738
1646,160620.197161686
1647,166684.334433935
1648,131368.492301356
1649,132964.629525918
1650,117287.743969483
1651,116029.098800538
1652,109687.522085751
1653,114718.170292807
1654,158892.311296487
1655,153187.854857344
1656,157021.034065736
1657,159827.132147338
1658,166992.124583417
1659,137948.597268135
1660,152814.798499854
1661,381033.40917532
1662,351646.929848778
1663,353683.388312483
1664,441413.417432253
1665,310450.577760677
1666,307097.540123185
1667,342742.675900602
1668,327849.359140322
1669,295947.958277559
1670,335092.606911959
1671,246981.371183333
1672,379607.55225828
1673,262244.715513796
1674,234150.412699862
1675,199144.564254618
1676,197424.461052925
1677,212733.33161836
1678,428184.240059801
1679,361277.993892303
1680,326713.538629938
1681,277224.697491363
1682,297443.832038233
1683,196768.278790717
1684,175006.76968345
1685,174336.559980103
1686,184419.139665935
1687,171194.487009652
1688,196547.655850095
1689,197712.971384896
1690,197685.774379307
1691,186969.326821256
1692,265288.465155226
1693,167105.615558156
1694,173845.475351978
1695,155951.421857283
1696,258949.18275093
1697,164262.632359267
1698,310932.119298
1699,274801.597948956
1700,241536.507574306
1701,257051.758901707
1702,230940.966314796
1703,227488.631049917
1704,262410.75335371
1705,240335.479159314
1706,408196.098141896
1707,215814.215581216
1708,199399.712725842
1709,238874.050455945
1710,209209.328710343
1711,259902.09743649
1712,238586.643452119
1713,273692.285195679
1714,226377.164321753
1715,202993.423193022
1716,184977.422808024
1717,178655.319746934
1718,138148.839877553
1719,220992.352299815
1720,253436.913302114
1721,165499.233578396
1722,115502.770666641
1723,147478.592874689
1724,207253.364406861
1725,232469.146381646
1726,199878.233051935
1727,173255.091573774
1728,180555.870927107
1729,165142.474254368
1730,187002.027943455
1731,116068.553763673
1732,113000.458449393
1733,113497.815968004
1734,120938.624862251
1735,135986.524189427
1736,101955.083426725
1737,311355.359383511
1738,242440.106810403
1739,273448.530270067
1740,209222.127594417
1741,190081.999587567
1742,181970.728493248
1743,188060.159951809
1744,328305.663118643
1745,218869.237024725
1746,217815.065707831
1747,213981.832851288
1748,229878.805721672
1749,148250.35823
1750,142844.884703629
1751,246875.582305787
1752,115128.501556756
1753,163539.654014032
1754,218739.226393969
1755,168296.618452457
1756,119330.117375165
1757,112294.823508341
1758,145922.790321133
1759,153689.510872481
1760,165947.43286529
1761,155430.434029444
1762,185481.662015698
1763,200060.949603532
1764,103208.0203788
1765,200671.220418912
1766,198171.788008265
1767,230634.654781702
1768,157655.560972936
1769,176590.285806124
1770,164370.645163222
1771,127355.769860571
1772,149748.19353479
1773,114278.657182504
1774,171321.595863847
1775,140189.16323802
1776,121610.188451911
1777,104499.98271715
1778,157621.832005669
1779,112472.443411729
1780,169434.140297094
1781,133207.861659266
1782,67490.4570233295
1783,139182.064131045
1784,108866.773412166
1785,138248.910317068
1786,99907.748193834
1787,175127.162193194
1788,60523.1012642606
1789,102362.480318198
1790,34504.6773122769
1791,217381.374479075
1792,172282.874120508
1793,146736.27919593
1794,173811.911099601
1795,136605.705162709
1796,123154.656396704
1797,129617.990922126
1798,114192.25823923
1799,104197.108283663
1800,112377.923873442
1801,114225.854386217
1802,127917.720549962
1803,164719.636654071
1804,151749.982438664
1805,141339.149156986
1806,149785.846584692
1807,167004.495713969
1808,119662.845738926
1809,121432.168448964
1810,147238.797160806
1811,143216.695122582
1812,117305.86060269
1813,131943.641324031
1814,100262.263342995
1815,30987.3772260801
1816,115472.79921687
1817,129351.152814825
1818,192333.603893161
1819,146616.838316011
1820,36835.0366282876
1821,130863.39438485
1822,155510.531478217
1823,29527.5331483459
1824,144813.405099576
1825,121420.422146856
1826,92303.4715888728
1827,95550.1470187659
1828,141094.381249531
1829,134408.107034209
1830,156211.12111252
1831,156403.929315722
1832,102399.102397943
1833,157793.774631037
1834,121915.223595629
1835,138854.013956729
1836,149410.151862433
1837,76375.8224419686
1838,123321.951346627
1839,110789.426063021
1840,159005.301931179
1841,156173.057186519
1842,77306.7622162964
1843,126856.125841707
1844,143225.463055253
1845,129146.905758965
1846,149684.508920079
1847,160798.660777361
1848,3973.11381915557
1849,103712.600241632
1850,113950.754414008
1851,162665.717036049
1852,122170.963123837
1853,143522.977502125
1854,174095.473417143
1855,139960.34307794
1856,227158.28506488
1857,133011.207913079
1858,171217.129241342
1859,143193.88082764
1860,151426.185515936
1861,141994.324468682
1862,307246.814503741
1863,298433.175926683
1864,298433.175926683
1865,335140.607911094
1866,343313.794209555
1867,223590.887426193
1868,286819.444409111
1869,207458.627500045
1870,224022.781572624
1871,259604.738250675
1872,169698.98470729
1873,229441.898528094
1874,146647.096891665
1875,192009.608027292
1876,191914.632158634
1877,223393.468799953
1878,206463.153942905
1879,116893.550646947
1880,140055.812498946
1881,246490.44814113
1882,242813.970432291
1883,197977.318828656
1884,213060.111661448
1885,242800.101509615
1886,299781.262789661
1887,218989.605693155
1888,263121.846462003
1889,168069.028063217
1890,102703.178458762
1891,158243.194112311
1892,89433.2030860532
1893,143490.814224214
1894,148228.288531789
1895,131341.553300976
1896,125537.754037123
1897,115880.560560816
1898,112723.889955342
1899,149873.764312852
1900,138041.094066196
1901,135556.716751864
1902,146808.3038188
1903,215463.236243876
1904,114739.983785519
1905,183051.956690668
1906,140141.468916257
1907,185961.714029244
1908,131915.257353225
1909,156530.044768064
1910,141767.68655559
1911,199866.384198726
1912,296271.851771373
1913,154222.234037956
1914,53877.6633955864
1915,319833.297125708
1916,26811.0792515683
1917,251733.653095606
1918,141779.776037583
1919,183475.347316669
1920,166625.025135371
1921,378398.002411048
1922,331131.628175338
1923,230545.168492414
1924,213242.941710013
1925,217564.196848675
1926,372367.852599405
1927,139976.17868058
1928,153985.198788005
1929,127089.428211008
1930,125004.522719756
1931,134496.023102189
1932,136902.67702321
1933,193312.709990463
1934,180907.361589275
1935,165380.125091036
1936,200833.337233777
1937,173649.640337405
1938,178021.885777645
1939,255554.086178107
1940,213373.587675458
1941,168052.683375164
1942,183152.135313834
1943,234907.017010201
1944,345394.973000356
1945,377244.202575612
1946,117271.827041424
1947,340538.010328461
1948,158093.676654861
1949,259931.3570288
1950,201268.376107135
1951,264025.711140231
1952,241498.709540955
1953,166530.375324582
1954,182062.384826205
1955,136748.109882118
1956,302332.889888508
1957,164254.974437464
1958,281794.446825259
1959,155538.324040044
1960,102510.751214534
1961,108155.879101052
1962,114363.459836453
1963,128297.990167284
1964,121122.494112768
1965,162437.936933353
1966,156586.549370735
1967,270254.978429671
1968,390313.109511354
1969,364511.782439994
1970,391591.609145112
1971,408363.349330594
1972,338955.059108044
1973,260968.236517549
1974,317905.936168112
1975,437195.139012418
1976,253637.803203184
1977,321498.059809569
1978,330043.649296446
1979,303231.84009687
1980,193831.943797526
1981,335563.925321649
1982,217366.71053602
1983,202747.695938497
1984,191196.448502534
1985,248805.505473782
1986,236254.773145568
1987,196732.437726568
1988,175634.94585934
1989,200485.951966065
1990,215108.415291197
1991,218687.140896314
1992,217474.224426003
1993,171212.257073233
1994,239505.17255606
1995,178152.902448099
1996,240100.01821504
1997,308305.033387801
1998,291676.034974583
1999,261831.801221127
2000,283417.991963407
2001,250672.249566548
2002,248283.340227408
2003,240780.898028303
2004,247427.762745159
2005,233031.661361147
2006,208428.015081082
2007,236892.399609838
2008,199350.178162023
2009,194960.845849229
2010,198215.936998612
2011,134354.540539739
2012,176384.117675159
2013,185244.629791899
2014,198605.621763479
2015,205741.597023833
2016,194625.985067811
2017,207980.708018245
2018,103586.344059983
2019,125788.250477573
2020,104040.15245591
2021,101973.105703341
2022,179072.979848687
2023,140678.607438297
2024,260711.286928845
2025,326450.365508414
2026,183907.490304779
2027,161058.863552218
2028,175141.672514114
2029,169569.636926528
2030,275489.697875918
2031,250568.380010769
2032,275390.619018679
2033,269325.952767211
2034,186322.595615838
2035,202730.240749611
2036,216449.630512028
2037,221167.715305481
2038,310734.093711969
2039,219678.028329345
2040,287333.433885788
2041,298820.277176757
2042,202228.285907776
2043,190130.635198093
2044,195214.063991521
2045,216398.80523774
2046,159486.554287397
2047,146729.162843129
2048,140536.996236667
2049,169659.107996188
2050,186414.097202747
2051,104479.179293215
2052,127340.755879943
2053,148602.043719292
2054,73326.9427287829
2055,195699.71099036
2056,138035.510584973
2057,108540.998990738
2058,220676.538494633
2059,125144.296328685
2060,182783.364255236
2061,188535.517375912
2062,125540.406609012
2063,104742.92155986
2064,137425.620910581
2065,130677.175554569
2066,166466.934991834
2067,110609.426250264
2068,174332.441767619
2069,81807.0774821115
2070,115152.258908365
2071,83741.2580880186
2072,137816.180378549
2073,132222.076088994
2074,182843.615884057
2075,158224.679127627
2076,136121.480862929
2077,147770.974672361
2078,118581.418150454
2079,135717.454830501
2080,113212.208403769
2081,137262.210741795
2082,148881.093074731
2083,151848.274125408
2084,102731.62867553
2085,106366.183071752
2086,112747.354586017
2087,124550.757571737
2088,104136.052277242
2089,80833.98671466
2090,144166.652576832
2091,97747.6408653141
2092,119924.015953965
2093,174648.084723162
2094,124407.441976178
2095,153459.977438888
2096,74928.2022234363
2097,118521.565308252
2098,155312.94724976
2099,21753.4620394705
2100,64824.2888167975
2101,141355.704233239
2102,138906.97971759
2103,81438.3082718958
2104,177396.025857785
2105,159638.894089888
2106,63102.6486958968
2107,210296.942703422
2108,115164.576599077
2109,100352.945918991
2110,135406.55900581
2111,163676.690343502
2112,138057.751467835
2113,121225.91312988
2114,116614.709369935
2115,170917.304629708
2116,108613.379750242
2117,151383.102730633
2118,123384.833887432
2119,115278.364867648
2120,98825.5532068898
2121,79733.5957864119
2122,96982.8324584865
2123,74163.9146115363
2124,170444.51702117
2125,145211.370860111
2126,140724.806321367
2127,179733.741225589
2128,151279.204837528
2129,85650.7285536016
2130,146930.604540474
2131,126149.672750108
2132,116900.639353348
2133,126419.808244924
2134,116875.715304375
2135,97615.2283823761
2136,79359.4113966953
2137,108074.883067037
2138,134864.528068767
2139,148830.684841232
2140,143625.558971645
2141,167104.778980622
2142,117082.599203763
2143,138565.309677395
2144,121832.558771925
2145,136576.117008481
2146,176612.664533779
2147,141756.833316523
2148,134907.725479186
2149,157484.845243428
2150,216959.32347796
2151,119079.773592378
2152,180934.664043353
2153,191128.107430017
2154,106421.347024124
2155,154079.966496462
2156,270989.225109373
2157,240316.603223558
2158,231776.317203627
2159,211139.809201292
2160,176135.791426934
2161,234121.124551765
2162,372641.086388749
2163,323339.377266761
2164,249866.914557797
2165,200144.370301124
2166,152238.718227257
2167,228266.105156715
2168,185622.46060648
2169,203306.697050164
2170,222235.111970206
2171,149629.099397168
2172,133899.210444401
2173,150797.405245467
2174,230887.674452515
2175,277863.373275354
2176,308335.919533809
2177,237689.059225197
2178,212154.188487851
2179,157198.442944785
2180,257452.341305297
2181,199586.213046102
2182,225897.275486742
2183,193898.058216813
2184,134396.819046526
2185,133980.818071257
2186,162402.99260526
2187,156907.226048271
2188,162733.058192829
2189,300281.178678442
2190,85805.4417401991
2191,86450.1910927549
2192,83555.8427815705
2193,120977.948015939
2194,97048.1031036456
2195,101067.019514306
2196,113273.855475037
2197,117517.416711014
2198,160701.687861185
2199,186657.591824101
2200,129601.672945944
2201,126773.187749204
2202,212089.22535303
2203,126487.495619005
2204,151931.431538084
2205,101762.284422791
2206,127369.237486828
2207,182735.432627593
2208,232893.403956576
2209,201885.904400396
2210,137322.10120729
2211,120023.227163064
2212,141517.812546303
2213,103258.578345333
2214,148072.319696664
2215,89980.4793924308
2216,165735.360295803
2217,75931.2923158028
2218,92133.8028127943
2219,84438.1405638446
2220,58430.4163264337
2221,319833.297125708
2222,297651.718647192
2223,277335.262363865
2224,209395.813345672
2225,153867.20993254
2226,198764.158074662
2227,219537.916266964
2228,277625.113144493
2229,229934.183340529
2230,139421.726961784
2231,201155.058993701
2232,176018.456009589
2233,190269.363421145
2234,249273.362411709
2235,248215.324875832
2236,254011.465313994
2237,305456.122423065
2238,229630.341797214
2239,108244.675833937
2240,185912.803233056
2241,149144.79727596
2242,140686.658455765
2243,143136.058107115
2244,110340.907647622
2245,113492.691964429
2246,147282.298774
2247,141092.619848027
2248,129765.847305194
2249,126509.255891045
2250,131224.503060432
2251,78148.784335141
2252,195090.269527189
2253,142326.368069727
2254,166837.836462502
2255,193251.484218965
2256,190519.123708761
2257,209228.065418368
2258,164117.61040743
2259,172655.729376221
2260,140737.628413443
2261,216726.831378629
2262,242521.494984633
2263,348233.759384871
2264,377452.610548514
2265,169950.347550032
2266,319051.059926096
2267,358175.617800173
2268,384537.6296158
2269,158772.947223896
2270,197030.337416824
2271,225688.387261459
2272,199821.088441014
2273,174654.159998835
2274,177240.036208431
2275,154927.446123497
2276,203995.417224754
2277,193969.878176643
2278,142125.025267218
2279,134082.142976722
2280,109980.362843582
2281,180154.030204324
2282,196067.596159857
2283,126894.243856803
2284,147572.011346536
2285,163404.54171666
2286,123403.22935778
2287,349201.413580391
2288,252331.821556873
2289,315260.669536141
2290,400852.689578019
2291,309645.499898613
2292,387241.024675726
2293,417623.741884521
2294,363324.939978789
2295,390625.823790407
2296,247322.912143083
2297,327767.758670681
2298,326380.90240661
2299,328275.976002199
2300,305536.498575092
2301,280641.834381778
2302,244445.271949101
2303,236760.13449869
2304,234113.867836877
2305,193054.565673401
2306,196616.004069745
2307,198137.525354326
2308,222269.769029668
2309,302901.060115243
2310,200712.320103219
2311,216251.431013613
2312,167705.015150515
2313,169841.7621516
2314,163454.218988827
2315,175436.954138393
2316,195096.344236856
2317,189997.810394487
2318,176589.241008067
2319,183861.494108724
2320,189481.820674339
2321,262057.499640698
2322,185789.21667947
2323,198148.702119247
2324,175904.675040686
2325,205114.892958304
2326,171941.280512027
2327,210621.333002994
2328,230466.441189653
2329,183289.191410236
2330,179115.685380059
2331,306484.361867949
2332,362428.761917264
2333,301486.861256729
2334,249037.756392623
2335,267675.139426292
2336,298319.125695437
2337,189516.49292736
2338,242660.571639584
2339,220165.514628313
2340,360583.173388887
2341,195201.801560896
2342,233738.820765502
2343,221647.709884983
2344,229421.114944415
2345,234958.75365424
2346,202136.836079056
2347,188761.916361714
2348,226278.311083649
2349,168098.548419123
2350,286173.551100477
2351,251063.571831291
2352,238057.73299066
2353,231333.191371773
2354,127766.574479019
2355,156731.207044598
2356,152652.756498826
2357,200504.183319413
2358,201620.63127738
2359,135297.31228335
2360,106626.388370426
2361,148961.732339736
2362,265160.71858079
2363,161228.267454962
2364,165193.026450679
2365,222775.239855639
2366,187759.785900469
2367,218743.998541008
2368,227243.321033416
2369,215805.298581428
2370,167223.007846738
2371,183692.334633751
2372,187483.163073785
2373,269726.659273839
2374,294095.622031731
2375,241964.320861665
2376,294619.47819234
2377,333134.694104133
2378,131281.884791157
2379,218990.19287221
2380,148010.707080268
2381,170328.136296099
2382,211953.240187932
2383,206763.322949754
2384,248808.441995779
2385,165505.036552208
2386,132764.065308123
2387,135104.236306259
2388,120225.434588316
2389,110570.15351391
2390,130349.956377732
2391,138335.168736033
2392,105705.174172061
2393,170046.92558885
2394,158782.030693091
2395,210406.952130439
2396,143692.260501234
2397,222805.739048032
2398,126143.267737104
2399,83284.0005441126
2400,35403.5933031465
2401,105628.391482331
2402,131616.938140362
2403,166629.735052257
2404,148718.551503989
2405,159204.209141307
2406,144237.510350037
2407,130521.829499495
2408,151445.989753042
2409,116237.008571735
2410,180566.554410517
2411,107162.956734196
2412,156517.220127187
2413,125206.917016615
2414,166118.714284297
2415,154279.50428808
2416,129815.426335091
2417,135283.527685044
2418,129583.015307345
2419,124232.497802298
2420,113293.172059133
2421,137213.129919278
2422,90544.9655652919
2423,124178.753505095
2424,133549.253545739
2425,207601.204531974
2426,123102.998564494
2427,127578.426547232
2428,176802.589316092
2429,113496.57116793
2430,138109.704515567
2431,90001.0557829351
2432,139147.60982752
2433,141862.277813994
2434,136306.333233671
2435,154465.295461482
2436,93269.5523498229
2437,89279.2225766795
2438,113481.702839564
2439,107457.178428449
2440,134907.273030022
2441,117201.736802547
2442,93112.7224405932
2443,124200.055513099
2444,123688.001124193
2445,97310.349374301
2446,136840.306963433
2447,202587.547473923
2448,141055.436509117
2449,120254.726284528
2450,163964.17493426
2451,128959.291767815
2452,201993.218130257
2453,92280.0688999563
2454,102998.538100716
2455,96697.319033596
2456,151801.937187386
2457,122931.819385086
2458,123358.565464943
2459,108436.648167225
2460,139146.740394659
2461,126295.939277898
2462,131618.396838019
2463,129074.437084489
2464,189707.246436155
2465,142735.540464241
2466,118953.436920192
2467,145219.155184707
2468,75444.1570226288
2469,79650.603044781
2470,203367.610933491
2471,224011.409735938
2472,180766.507816768
2473,148848.665888482
2474,80669.45475698
2475,222732.314684767
2476,119712.03558394
2477,117593.929639733
2478,145314.936878856
2479,90793.3968605401
2480,161378.713086301
2481,111547.768350462
2482,117098.751812828
2483,103717.062137573
2484,116789.482451245
2485,118294.230349915
2486,130066.264210837
2487,157085.929852001
2488,162288.408549156
2489,158625.80163899
2490,122745.347238971
2491,113260.405364491
2492,178050.664746387
2493,136347.622920454
2494,139697.806946058
2495,66476.7976395252
2496,218358.734007609
2497,175945.577248112
2498,101975.670110952
2499,72561.8740449198
2500,139962.568359561
2501,159471.477483221
2502,155790.652010141
2503,120875.137724807
2504,160921.506196188
2505,221398.042889225
2506,236801.216586868
2507,270965.511099749
2508,236559.402478732
2509,219483.775655888
2510,217819.442629344
2511,184042.04137072
2512,221773.244306013
2513,223870.990530854
2514,243198.487793596
2515,133129.184712734
2516,170814.263149637
2517,139719.990760608
2518,139168.364232171
2519,235237.319621704
2520,205771.142210471
2521,195842.853513059
2522,227755.647161536
2523,119396.548675912
2524,130606.932873267
2525,144532.630265929
2526,126411.532449918
2527,97702.8216360305
2528,123918.35087977
2529,145879.916553297
2530,124266.053158624
2531,266551.443364202
2532,226333.775918297
2533,206429.680037023
2534,241310.384044569
2535,289658.533237144
2536,214914.13319278
2537,235713.991391232
2538,183163.405021422
2539,193948.852047071
2540,177942.509773757
2541,186297.041659886
2542,166207.161706986
2543,139779.799659529
2544,121863.485835016
2545,128867.366459076
2546,128840.603463981
2547,151207.837865422
2548,188405.803533223
2549,156704.528190015
2550,670254.988324464
2551,162762.862660311
2552,124399.470881014
2553,77060.8342609846
2554,114786.863781692
2555,108017.094777284
2556,82383.8810074788
2557,104480.77854487
2558,173431.648104804
2559,126396.343112281
2560,127671.452348325
2561,132397.495134494
2562,131037.484512295
2563,139286.753677178
2564,186429.555107719
2565,111518.069804087
2566,137352.888908719
2567,132007.967721296
2568,175370.39201741
2569,184255.8019673
2570,136725.69235299
2571,175429.594788988
2572,184086.876341379
2573,198448.1819285
2574,249174.051076726
2575,146403.707354672
2576,128456.591938058
2577,164320.724475318
2578,79917.6666453149
2579,17085.2882603852
2580,124667.264000723
2581,130971.174035882
2582,146011.614920959
2583,269970.334505556
2584,179571.200720897
2585,197337.030633893
2586,224694.458429085
2587,206473.126329843
2588,140146.427256856
2589,155210.861281592
2590,225968.685729124
2591,219384.958101323
2592,218126.021423055
2593,251017.485852105
2594,188871.442381649
2595,225434.013995744
2596,282365.561688206
2597,200217.525058946
2598,279394.676109237
2599,332258.040380119
2600,143973.00180016
2601,152746.436760607
2602,89246.7497925061
2603,96298.4256658747
2604,95184.5560789002
2605,79538.1198621094
2606,145184.232567282
2607,225953.135678785
2608,190527.5762548
2609,164860.659594998
2610,114383.458850638
2611,128377.754908324
2612,158119.118093059
2613,127517.836765314
2614,122685.768019783
2615,158845.72791095
2616,150151.413729046
2617,199450.835835313
2618,221719.077252221
2619,210329.841234023
2620,184345.689345115
2621,166293.129090008
2622,179028.542387149
2623,233234.148588485
2624,264565.736771551
2625,305590.15995088
2626,172215.292055449
2627,189128.787842475
2628,397831.733370043
2629,433590.061129711
2630,337247.247731496
2631,414895.840037419
2632,360934.676630264
2633,317168.055958582
2634,392270.456737543
2635,161377.657852298
2636,185724.095368205
2637,214975.632142954
2638,238585.735522952
2639,193125.146209181
2640,163195.088962325
2641,92922.753188238
2642,208440.369268872
2643,120766.147630056
2644,136640.383238491
2645,125631.786620981
2646,107612.480621707
2647,125389.14041734
2648,153454.820583036
2649,147639.580490735
2650,153281.096851597
2651,151004.800581396
2652,360439.264785079
2653,229938.745317147
2654,247103.66827569
2655,368360.793165931
2656,282595.435074886
2657,338583.969812285
2658,286907.418335158
2659,295963.685975849
2660,325927.66040494
2661,329827.579424178
2662,350249.798485988
2663,264542.222212138
2664,295032.215701247
2665,309295.215757206
2666,282707.058589507
2667,161913.781309222
2668,174877.981983699
2669,179648.599234291
2670,259907.589715202
2671,185706.738128563
2672,199740.858756374
2673,221402.030893196
2674,224672.55033419
2675,192308.365825694
2676,193946.141945385
2677,197482.417167673
2678,252641.84026127
2679,254521.706244987
2680,262583.289820035
2681,370644.08177226
2682,296442.77777246
2683,429806.047066502
2684,294976.884727819
2685,300735.59478316
2686,220872.728544653
2687,273467.024005754
2688,206339.606068388
2689,197158.496869596
2690,369505.552254399
2691,188493.539485391
2692,141416.011205675
2693,196342.474802131
2694,126947.429824242
2695,200947.825384239
2696,192125.081699402
2697,182689.439860748
2698,209932.69366872
2699,196371.691502815
2700,171597.871752751
2701,145533.913407221
2702,96688.2069567081
2703,157830.101728472
2704,125474.551192409
2705,106629.551573174
2706,102104.171883003
2707,112030.517738483
2708,127942.010761497
2709,108815.892525374
2710,121903.379051879
2711,284743.789473
2712,343846.042221465
2713,173887.481364461
2714,159505.909907665
2715,179886.189810897
2716,156131.208002596
2717,182715.678571349
2718,214043.038458004
2719,150091.980254653
2720,178762.85237692
2721,125383.656546892
2722,162412.24487736
2723,150447.092481513
2724,127385.065359555
2725,128987.091397214
2726,144135.939747967
2727,167144.751702152
2728,170352.978206651
2729,145974.792425641
2730,148708.780253975
2731,127012.523218682
2732,114973.654813133
2733,153411.268146576
2734,128283.750223332
2735,132789.728589479
2736,129732.234589809
2737,113351.959017423
2738,159219.931335183
2739,161542.895167505
2740,139310.099200863
2741,147116.505472386
2742,147858.681146547
2743,152529.334631654
2744,150765.116565009
2745,157098.418108796
2746,123227.873345301
2747,147451.275627433
2748,102597.396572761
2749,121238.733171117
2750,121027.69018205
2751,118550.91125809
2752,184267.117336299
2753,128183.906922794
2754,234786.861477123
2755,136344.249834376
2756,75191.9316773045
2757,39455.2826633361
2758,86721.492564132
2759,158214.250665683
2760,139275.746591554
2761,143688.572798547
2762,143053.539989413
2763,183411.642406894
2764,158187.229135597
2765,280797.585892899
2766,123821.300630513
2767,77107.55315476
2768,139145.848860392
2769,131018.700340595
2770,148902.782476327
2771,101399.030905319
2772,108877.886003591
2773,183064.9002123
2774,151379.368097597
2775,133211.846830544
2776,151717.267358116
2777,150952.826269278
2778,133597.316282782
2779,150097.095514493
2780,105566.30789454
2781,92930.8135583343
2782,75231.7770840283
2783,84135.2567822891
2784,132277.910728687
2785,145598.633015446
2786,53543.0339481007
2787,148302.631516541
2788,54347.6789846358
2789,187283.845092783
2790,100596.905560793
2791,107925.288197341
2792,76728.1374280068
2793,156182.457525201
2794,88390.9576578813
2795,123364.726483995
2796,79948.3382764239
2797,208487.151708221
2798,116843.309677694
2799,150141.72159345
2800,62096.0009931835
2801,113743.788428615
2802,115304.231831443
2803,185846.279448466
2804,123566.039227501
2805,103268.450875569
2806,70891.2546443197
2807,142925.866036077
2808,148158.225140735
2809,136116.579709098
2810,131429.040994728
2811,159042.436419884
2812,174910.748971152
2813,189684.684973029
2814,195815.853045951
2815,68301.0412021015
2816,225263.696397143
2817,130455.89060182
2818,115006.61887409
2819,181857.286571133
2820,138861.9236123
2821,95233.8044376282
2822,188388.331865585
2823,325191.004813211
2824,186903.46797458
2825,148805.833651823
2826,133539.17881949
2827,154630.838491254
2828,256179.063727114
2829,233449.881081877
2830,226179.34025764
2831,189652.88973281
2832,247548.765596923
2833,305356.481162661
2834,222993.252505786
2835,230331.331164734
2836,193606.902475677
2837,169998.1788741
2838,138989.694524994
2839,171003.066971333
2840,196037.871898965
2841,211955.78697787
2842,224451.918001212
2843,159146.896312571
2844,179267.063271593
2845,123955.990379776
2846,216175.061235732
2847,190435.4100208
2848,218836.517053504
2849,208725.308514174
2850,270901.523017031
2851,212297.283066698
2852,230174.6756595
2853,231996.227733352
2854,157833.683255426
2855,212352.015719129
2856,199608.512993874
2857,194423.589794165
2858,210890.643254229
2859,90397.7832555104
2860,143578.837096134
2861,131182.739002032
2862,200648.289754077
2863,130994.767320765
2864,256024.915725944
2865,157598.444759755
2866,182372.694725284
2867,108550.287892148
2868,115470.098742952
2869,95368.0143455118
2870,115770.73022167
2871,60429.2169551626
2872,-2343.66676641702
2873,88698.9151630867
2874,163757.233833988
2875,134909.557337693
2876,164644.698319622
2877,146895.396734521
2878,165156.244120061
2879,132202.806613089
2880,125012.154131155
2881,109224.15685439
2882,153951.936789885
2883,190154.270860572
2884,181306.163240549
2885,164107.413087557
2886,209683.334818018
2887,100542.353303195
2888,144604.732907573
2889,37158.9405372132
2890,66723.9750000335
2891,152110.82621657
2892,24012.1725489219
2893,120492.07326423
2894,41067.442631838
2895,316104.344528093
2896,290114.408048146
2897,221204.207463815
2898,181937.355538173
2899,231158.940741288
2900,162752.726766186
2901,206199.555726791
2902,204340.232537737
2903,298764.167682816
2904,337488.43759464
2905,49063.6488522827
2906,229136.931278219
2907,116376.225502723
2908,118933.79999477
2909,179404.782424139
2910,74628.6402290214
2911,89246.7497925061
2912,137095.239765148
2913,97289.1353991455
2914,81756.6767604963
2915,94953.7940215162
2916,94514.7238696886
2917,172879.463350563
2918,111361.313080151
2919,225088.072351482
